0.00026582,0.945,1.501,9,4,0.01,0.2
0.0069525,2.137,0.75049,3,2,0.01,0.5
5.4947E-12,0.011,0.5236,9,4,0.001,0.6
2.5987E-10,0.03,1.5533,4,3,0.0001,2.7
8.0264E-11,0.022,1.0996,4,3,0.0001,3.4
7.2246E-05,0.682,1.0297,9,4,0.01,4.3
8.9785E-06,0.405,0.59341,9,4,0.01,4.8
0.00067877,1.195,1.2915,3,2,0.001,5.5
1.3026E-16,0.001,1.2915,9,4,0.0001,7.2
0.0028156,1.705,0.59341,3,2,0.01,9.9
7.2136E-11,0.022,1.0297,9,4,0.001,10.7
1.3956E-10,0.025,1.2392,9,4,0.001,15.6
2.712E-07,0.169,0.54105,3,2,0.0001,16.8
0.0089815,2.278,0.80285,3,2,0.01,17.2
1.6195E-11,0.015,0.71558,4,3,0.0001,20.5
0.025569,2.959,1.0647,3,2,0.01,20.6
4.8705E-05,0.618,0.92502,9,4,0.01,21.2
0.074284,3.864,1.4486,3,2,0.01,23.8
0.018213,2.719,1.5184,4,3,0.01,26.1
1.0225E-10,0.024,1.1345,9,4,0.001,27.1
6.2049E-18,0.001,1.0821,9,4,0.0001,28.4
0.045995,3.427,1.2566,3,2,0.01,29.4
9.5938E-07,0.232,0.75049,3,2,0.0001,31.5
0.033906,3.176,1.1519,3,2,0.01,34.8
0.012724,2.486,1.3614,4,3,0.01,36.8
1.0821E-06,0.239,1.2043,4,3,0.001,39.4
1.089E-16,0.001,1.2566,9,4,0.0001,39.4
1.6491E-06,0.265,1.3614,4,3,0.001,40.6
2.217E-11,0.016,0.75049,9,4,0.001,42.3
2.7585E-10,0.03,1.5184,9,4,0.001,42.3
0.0012489,1.391,1.5533,3,2,0.001,43.1
1.5216E-11,0.015,0.68068,9,4,0.001,43.4
0.00017653,0.853,1.3265,9,4,0.01,43.6
4.6355E-17,0.001,1.1519,9,4,0.0001,51.4
0.00071066,1.208,1.309,3,2,0.001,52.2
0.00025597,0.936,1.4835,9,4,0.01,52.7
0.00012061,0.776,0.80285,3,2,0.001,56.3
0.030386,3.09,1.117,3,2,0.01,57.4
6.602E-07,0.211,0.68068,3,2,0.0001,59
2.8636E-11,0.017,0.80285,9,4,0.001,59.3
0.00015382,0.824,1.2741,9,4,0.01,59.4
1.3443E-06,0.252,0.8203,3,2,0.0001,59.5
1.1152E-11,0.014,0.62832,9,4,0.001,60.7
0.00013082,0.791,0.8203,3,2,0.001,61.2
0.00016118,0.834,1.2915,9,4,0.01,64.9
5.3622E-08,0.113,0.54105,4,3,0.001,65.7
8.1534E-05,0.703,1.0647,9,4,0.01,66.5
1.2833E-05,0.443,1.5533,3,2,0.0001,67.3
7.6825E-08,0.123,0.59341,4,3,0.001,68.4
0.0042051,1.885,0.99484,4,3,0.01,72.4
5.9689E-05,0.651,0.97738,9,4,0.01,75.2
0.015274,2.602,0.92502,3,2,0.01,75.8
0,0,0.7854,9,4,0.0001,78.8
0.037678,3.261,1.1868,3,2,0.01,80.8
0.00022763,0.909,1.4312,9,4,0.01,84.3
9.1577E-11,0.023,1.0996,9,4,0.001,86.3
0.017549,2.694,1.501,4,3,0.01,91.3
0,0,1.0297,9,4,0.0001,93.2
3.6339E-05,0.575,0.85521,9,4,0.01,95.2
2.4482E-06,0.293,1.5359,4,3,0.001,97.5
6.347E-06,0.371,1.2566,3,2,0.0001,98.5
1.5184E-16,0.001,1.3265,9,4,0.0001,101.1
1.6815E-11,0.015,0.69813,9,4,0.001,104.3
6.3696E-05,0.661,0.99484,9,4,0.01,107.8
0.00066328,1.188,0.61087,4,3,0.01,114.6
1.6814E-05,0.474,0.69813,9,4,0.01,118
5.5137E-06,0.359,0.5236,9,4,0.01,125.2
1.914E-10,0.028,1.4137,4,3,0.0001,126.1
0,0,0.95993,9,4,0.0001,128.3
0.00034336,1.007,1.0647,3,2,0.001,139.9
0.0032154,1.762,0.92502,4,3,0.01,140.9
5.2454E-05,0.63,0.64577,3,2,0.001,141.1
2.0764E-10,0.028,1.4486,4,3,0.0001,142.2
2.1578E-10,0.028,1.4661,4,3,0.0001,146.9
0,0,0.75049,9,4,0.0001,147.7
6.6565E-06,0.376,1.2741,3,2,0.0001,150.7
2.6285E-06,0.298,1.5708,4,3,0.001,152.3
7.6395E-06,0.389,1.3265,3,2,0.0001,152.7
7.8362E-07,0.22,1.0996,4,3,0.001,153.2
0.006046,2.064,1.0996,4,3,0.01,160.8
1.8266E-06,0.272,0.89012,3,2,0.0001,161.5
0.00099754,1.315,1.4486,3,2,0.001,163.6
3.781E-05,0.58,0.59341,3,2,0.001,164.1
4.7185E-05,0.613,0.62832,3,2,0.001,166.4
1.2856E-10,0.025,1.2566,4,3,0.0001,168.3
1.1995E-10,0.024,1.1868,9,4,0.001,170.4
0.0075882,2.184,0.76794,3,2,0.01,170.9
7.7835E-05,0.695,0.71558,3,2,0.001,172.8
2.0655E-16,0.001,1.4137,9,4,0.0001,172.8
1.2644E-10,0.025,1.2043,9,4,0.001,175.3
0.00056006,1.139,1.2217,3,2,0.001,180.1
0.068551,3.787,1.4137,3,2,0.01,180.2
1.8969E-07,0.154,0.75049,4,3,0.001,185.1
1.2382E-05,0.439,1.5359,3,2,0.0001,185.1
4.4316E-06,0.34,1.1345,3,2,0.0001,185.7
0,0,0.90757,9,4,0.0001,187.8
0,0,0.68068,9,4,0.0001,196.4
3.0977E-11,0.017,0.8203,9,4,0.001,197.5
2.4172E-06,0.292,0.95993,3,2,0.0001,198.1
0.0067607,2.122,1.1345,4,3,0.01,198.8
8.7932E-12,0.013,0.61087,4,3,0.0001,199.8
2.3083E-11,0.016,0.7854,4,3,0.0001,200.1
0.00012015,0.775,1.1868,9,4,0.01,200.7
7.9982E-07,0.221,0.71558,3,2,0.0001,201.4
8.7624E-07,0.226,1.1345,4,3,0.001,203
0.065782,3.748,1.3963,3,2,0.01,205
2.2757E-10,0.029,1.4312,9,4,0.001,205.2
0.0035137,1.802,0.62832,3,2,0.01,206.6
3.3233E-06,0.316,1.0472,3,2,0.0001,207.7
0.011655,2.432,1.3265,4,3,0.01,209.3
4.1931E-06,0.335,1.117,3,2,0.0001,212.5
0.0019653,1.558,0.54105,3,2,0.01,213
0.00013973,0.805,1.2392,9,4,0.01,214.4
0.00095861,1.302,1.4312,3,2,0.001,217.7
8.2909E-07,0.223,1.117,4,3,0.001,218.5
0.018889,2.744,1.5359,4,3,0.01,219.4
1.5474E-10,0.026,1.3265,4,3,0.0001,224.6
3.6328E-11,0.018,0.85521,9,4,0.001,226.3
5.1074E-07,0.198,0.97738,4,3,0.001,227.5
0.02872,3.047,1.0996,3,2,0.01,228.6
2.6928E-10,0.03,1.5708,4,3,0.0001,231.3
0.00026824,0.947,0.99484,3,2,0.001,233.7
7.6797E-05,0.693,1.0472,9,4,0.01,234.9
1.1401E-10,0.024,1.1694,9,4,0.001,236.4
0.0001019,0.744,0.76794,3,2,0.001,239.8
1.6866E-10,0.027,1.309,9,4,0.001,242
0.00878,2.265,1.2217,4,3,0.01,242.9
0.00028586,0.962,1.0123,3,2,0.001,244.3
4.8333E-12,0.011,0.5236,4,3,0.0001,245.8
0,0,0.5236,9,4,0.0001,247
3.8827E-07,0.185,0.90757,4,3,0.001,249
3.9696E-11,0.019,0.90757,4,3,0.0001,249.5
3.6115E-07,0.181,0.89012,4,3,0.001,262.1
0.001078,1.341,1.4835,3,2,0.001,263.9
0.0039406,1.854,0.97738,4,3,0.01,266.3
5.5831E-11,0.02,0.95993,9,4,0.001,268.1
1.4671E-11,0.014,0.69813,4,3,0.0001,268.1
2.5035E-11,0.017,0.80285,4,3,0.0001,268.6
0.0012202,1.383,0.71558,4,3,0.01,271.1
5.9391E-11,0.021,1.0123,4,3,0.0001,271.4
9.5871E-08,0.13,0.62832,4,3,0.001,272.4
0.0015975,1.48,0.76794,4,3,0.01,276.7
0.00036411,1.022,1.0821,3,2,0.001,279.8
1.0047E-05,0.417,0.61087,9,4,0.01,281.1
0.077247,3.902,1.4661,3,2,0.01,281.5
9.6865E-11,0.023,1.117,9,4,0.001,284.9
1.7341E-07,0.151,0.73304,4,3,0.001,285.5
1.5725E-06,0.262,0.85521,3,2,0.0001,285.6
0,0,0.59341,9,4,0.0001,287.3
0.0082641,2.231,0.7854,3,2,0.01,289.1
0.00021982,0.901,0.94248,3,2,0.001,291.7
2.5375E-06,0.295,1.5533,4,3,0.001,291.8
0.00017775,0.855,0.89012,3,2,0.001,292.6
0.00074343,1.222,1.3265,3,2,0.001,293.1
0.00013299,0.795,1.2217,9,4,0.01,298.3
1.627E-16,0.001,1.3439,9,4,0.0001,299.2
5.2197E-05,0.629,0.94248,9,4,0.01,299.6
0.00012647,0.785,1.2043,9,4,0.01,302.8
7.3981E-07,0.217,1.0821,4,3,0.001,303.6
1.7211E-06,0.268,1.3788,4,3,0.001,304.9
0.010155,2.349,1.2741,4,3,0.01,307
2.4138E-11,0.016,0.76794,9,4,0.001,308.3
1.9951E-10,0.028,1.4312,4,3,0.0001,311.1
0.013237,2.51,0.89012,3,2,0.01,313.2
1.8483E-05,0.485,0.71558,9,4,0.01,313.8
3.1781E-11,0.018,0.85521,4,3,0.0001,314.6
2.6582E-10,0.03,1.501,9,4,0.001,315.8
1.479E-10,0.026,1.309,4,3,0.0001,316.3
7.0927E-06,0.382,0.55851,9,4,0.01,316.5
0,0,0.54105,9,4,0.0001,316.8
2.8433E-16,0.001,1.5359,9,4,0.0001,320.7
0.00077709,1.236,1.3439,3,2,0.001,321.2
6.3323E-11,0.021,1.0297,4,3,0.0001,322.9
3.1093E-07,0.175,0.85521,4,3,0.001,326
1.1956E-06,0.245,1.2392,4,3,0.001,326
0.0092245,2.294,1.2392,4,3,0.01,326.8
1.8704E-06,0.274,1.4137,4,3,0.001,328.7
0.00084706,1.263,1.3788,3,2,0.001,331.9
0.00024632,0.927,1.4661,9,4,0.01,335.8
0.057868,3.63,1.3439,3,2,0.01,336
0,0,0.55851,9,4,0.0001,338.5
0,0,1.0123,9,4,0.0001,339.9
0.016369,2.647,0.94248,3,2,0.01,343.2
0.021287,2.827,1.0123,3,2,0.01,344.1
1.8382E-10,0.027,1.3963,4,3,0.0001,348.7
0.0047696,1.945,1.0297,4,3,0.01,351.5
1.3792E-06,0.254,1.2915,4,3,0.001,353.1
8.7774E-17,0.001,1.2217,9,4,0.0001,355.2
6.1991E-12,0.012,0.55851,4,3,0.0001,356.8
5.4502E-07,0.201,0.99484,4,3,0.001,361.4
0.018719,2.737,0.97738,3,2,0.01,361.6
0.00043126,1.067,1.1345,3,2,0.001,362.2
0,0,0.92502,9,4,0.0001,362.2
2.6333E-11,0.017,0.7854,9,4,0.001,364
9.4596E-06,0.41,1.4137,3,2,0.0001,364.6
7.0083E-12,0.012,0.57596,4,3,0.0001,365.1
2.217E-05,0.508,0.75049,9,4,0.01,368.1
5.2194E-11,0.02,0.94248,9,4,0.001,369.3
6.975E-06,0.38,1.2915,3,2,0.0001,372.7
0,0,0.76794,9,4,0.0001,374.6
6.2669E-06,0.37,0.54105,9,4,0.01,374.9
0,0,0.61087,9,4,0.0001,377.3
4.6787E-06,0.344,1.1519,3,2,0.0001,377.8
1.736E-16,0.001,1.3614,9,4,0.0001,379.4
1.1503E-05,0.431,1.501,3,2,0.0001,381.2
0.0007397,1.221,0.62832,4,3,0.01,384.2
6.5712E-07,0.211,1.0472,4,3,0.001,387
0.03966,3.303,1.2043,3,2,0.01,387.2
0.00092055,1.289,1.4137,3,2,0.001,387.3
7.8395E-12,0.012,0.59341,4,3,0.0001,389
0,0,0.87266,9,4,0.0001,395.4
4.3477E-07,0.19,0.61087,3,2,0.0001,401
0.019578,2.768,1.5533,4,3,0.01,401.7
1.7632E-10,0.027,1.3788,4,3,0.0001,403
0.0036877,1.824,0.95993,4,3,0.01,405.5
2.583E-06,0.297,0.97738,3,2,0.0001,407.5
1.8447E-11,0.015,0.71558,9,4,0.001,413.9
0.003446,1.793,0.94248,4,3,0.01,414.4
0.00014162,0.807,0.83776,3,2,0.001,416.6
2.4197E-05,0.519,0.76794,9,4,0.01,418.3
1.4439E-06,0.257,1.309,4,3,0.001,419.9
0.086514,4.014,1.5184,3,2,0.01,421.7
2.2588E-06,0.287,0.94248,3,2,0.0001,422.7
1.2454E-11,0.014,0.64577,9,4,0.001,424.5
0.0079319,2.209,1.1868,4,3,0.01,425.1
3.7415E-06,0.325,1.0821,3,2,0.0001,425.9
6.069E-08,0.116,0.55851,4,3,0.001,427.2
1.255E-06,0.248,1.2566,4,3,0.001,432.2
2.386E-07,0.164,0.5236,3,2,0.0001,432.6
5.9586E-11,0.021,0.97738,9,4,0.001,432.9
5.39E-07,0.201,0.64577,3,2,0.0001,432.9
0.080273,3.939,1.4835,3,2,0.01,438.7
5.7552E-06,0.362,1.2217,3,2,0.0001,438.7
1.3805E-05,0.451,0.66323,9,4,0.01,439.6
3.4357E-11,0.018,0.87266,4,3,0.0001,440.5
3.9631E-06,0.33,1.0996,3,2,0.0001,441.6
2.0266E-05,0.497,0.73304,9,4,0.01,444.4
1.4102E-16,0.001,1.309,9,4,0.0001,446.1
0.00041374,1.056,0.54105,4,3,0.01,446.6
1.0526E-10,0.024,1.1868,4,3,0.0001,448.3
0.0010072,1.318,0.68068,4,3,0.01,451.2
4.2201E-11,0.019,0.89012,9,4,0.001,452.9
1.8446E-10,0.027,1.3439,9,4,0.001,453.4
6.7849E-11,0.021,1.0123,9,4,0.001,458.1
3.8854E-07,0.185,0.59341,3,2,0.0001,458.1
8.9736E-11,0.023,1.1345,4,3,0.0001,460.2
0.0053827,2.005,1.0647,4,3,0.01,461.2
4.1675E-07,0.188,0.92502,4,3,0.001,463.9
6.1817E-07,0.208,1.0297,4,3,0.001,465.3
1.3367E-11,0.014,0.68068,4,3,0.0001,469.4
2.0269E-06,0.279,1.4486,4,3,0.001,471.6
0.050546,3.509,1.2915,3,2,0.01,473.1
0.00016507,0.839,0.87266,3,2,0.001,473.1
0.0052728,1.994,0.69813,3,2,0.01,473.4
0.010546,2.372,0.83776,3,2,0.01,474.2
2.1838E-10,0.028,1.4137,9,4,0.001,474.2
2.2745E-06,0.287,1.501,4,3,0.001,474.6
1.0471E-06,0.237,0.76794,3,2,0.0001,478.8
0.00052783,1.122,0.57596,4,3,0.01,479
0.0083491,2.237,1.2043,4,3,0.01,479.9
7.0919E-12,0.012,0.55851,9,4,0.001,484.2
1.7754E-11,0.015,0.73304,4,3,0.0001,484.9
0.0063556,2.09,0.73304,3,2,0.01,486.6
0.00082231,1.253,0.64577,4,3,0.01,491.5
0.01423,2.556,0.90757,3,2,0.01,492.7
2.1903E-06,0.285,1.4835,4,3,0.001,493.2
3.6191E-17,0.001,1.1345,9,4,0.0001,493.7
4.231E-05,0.597,0.61087,3,2,0.001,497.2
1.1812E-07,0.137,0.66323,4,3,0.001,497.7
9.8303E-17,0.001,1.2392,9,4,0.0001,499.6
0.00058842,1.153,1.2392,3,2,0.001,499.8
2.1077E-06,0.282,1.4661,4,3,0.001,506.8
0.013279,2.512,1.3788,4,3,0.01,510.8
3.6972E-11,0.018,0.89012,4,3,0.0001,511.4
3.0693E-07,0.174,0.55851,3,2,0.0001,515.9
0.00011403,0.765,1.1694,9,4,0.01,520.9
0.00038567,1.037,1.0996,3,2,0.001,521.6
4.5726E-11,0.019,0.94248,4,3,0.0001,526.1
0.001338,1.415,0.73304,4,3,0.01,527.6
0,0,0.62832,9,4,0.0001,529.1
2.6109E-17,0.001,1.117,9,4,0.0001,529.5
5.2319E-11,0.02,0.97738,4,3,0.0001,533.8
6.3694E-11,0.021,0.99484,9,4,0.001,533.9
1.2237E-10,0.025,1.2392,4,3,0.0001,535.7
0.00061765,1.167,1.2566,3,2,0.001,536.9
2.3606E-06,0.29,1.5184,4,3,0.001,537.3
2.2425E-10,0.029,1.4835,4,3,0.0001,538
5.8083E-07,0.204,1.0123,4,3,0.001,540.6
1.2394E-06,0.247,0.80285,3,2,0.0001,542.8
0.00010241,0.744,1.1345,9,4,0.01,542.9
5.6599E-17,0.001,1.1694,9,4,0.0001,543
1.5105E-06,0.259,1.3265,4,3,0.001,544.3
0.00059275,1.155,0.59341,4,3,0.01,545.5
1.8455E-16,0.001,1.3788,9,4,0.0001,546.1
0.027114,3.003,1.0821,3,2,0.01,547.3
2.2549E-07,0.161,0.7854,4,3,0.001,548
1.3054E-07,0.141,0.68068,4,3,0.001,549.6
0.016262,2.643,1.4661,4,3,0.01,550
0.0012936,1.404,1.5708,3,2,0.001,556.5
0.0043292,1.898,0.66323,3,2,0.01,561.7
0.013848,2.539,1.3963,4,3,0.01,561.9
0,0,1.0472,9,4,0.0001,565.5
5.4755E-12,0.011,0.54105,4,3,0.0001,565.7
0.0025073,1.656,0.57596,3,2,0.01,566.4
7.2761E-07,0.216,0.69813,3,2,0.0001,568.8
2.4622E-10,0.029,1.4661,9,4,0.001,569.4
1.5814E-07,0.148,0.71558,4,3,0.001,571.5
4.7179E-08,0.109,0.5236,4,3,0.001,573.4
0.0047843,1.946,0.68068,3,2,0.01,575.1
5.9739E-07,0.206,0.66323,3,2,0.0001,577.4
2.864E-05,0.541,0.80285,9,4,0.01,579.9
0,0,0.89012,9,4,0.0001,580.3
2.3977E-16,0.001,1.4661,9,4,0.0001,581.2
0,0,0.66323,9,4,0.0001,581.3
7.7311E-17,0.001,1.2043,9,4,0.0001,582
0.011396,2.418,0.85521,3,2,0.01,582.6
0.016899,2.668,1.4835,4,3,0.01,583.7
0.00053258,1.124,1.2043,3,2,0.001,588.7
1.4387E-07,0.144,0.69813,4,3,0.001,590.7
0.00020511,0.886,0.92502,3,2,0.001,591.1
5.4728E-06,0.358,1.2043,3,2,0.0001,591.4
3.367E-05,0.564,0.57596,3,2,0.001,594.9
0.00040805,1.052,1.117,3,2,0.001,596.9
1.066E-05,0.423,1.4661,3,2,0.0001,599.3
2.3688E-10,0.029,1.4486,9,4,0.001,600.8
0.0011618,1.366,1.5184,3,2,0.001,601.7
0.041706,3.344,1.2217,3,2,0.01,601.8
0.019975,2.782,0.99484,3,2,0.01,603.1
2.9456E-11,0.017,0.83776,4,3,0.0001,604.9
2.7564E-06,0.302,0.99484,3,2,0.0001,608.5
0,0,0.64577,9,4,0.0001,609.4
6.7881E-05,0.672,1.0123,9,4,0.01,611.8
1.9477E-06,0.276,1.4312,4,3,0.001,613
0,0,0.8203,9,4,0.0001,613.8
9.0775E-06,0.406,1.3963,3,2,0.0001,614.2
9.9844E-11,0.023,1.1694,4,3,0.0001,615.5
0.0014636,1.448,0.75049,4,3,0.01,616.8
9.477E-11,0.023,1.1519,4,3,0.0001,621.2
6.2515E-12,0.012,0.54105,9,4,0.001,623.3
8.5347E-05,0.711,0.73304,3,2,0.001,629.9
6.841E-08,0.12,0.57596,4,3,0.001,631.9
0.012182,2.459,1.3439,4,3,0.01,637.3
9.8507E-06,0.415,1.4312,3,2,0.0001,637.3
0.063078,3.709,1.3788,3,2,0.01,639.5
2.9647E-10,0.031,1.5533,9,4,0.001,641.6
0.052921,3.55,1.309,3,2,0.01,642.4
8.15E-11,0.022,1.0647,9,4,0.001,648.5
7.6795E-11,0.022,1.0472,9,4,0.001,652.7
4.9346E-06,0.349,1.1694,3,2,0.0001,653.4
3.1264E-06,0.311,1.0297,3,2,0.0001,654.7
0.011141,2.404,1.309,4,3,0.01,654.9
1.2091E-11,0.014,0.66323,4,3,0.0001,655
0.00088337,1.276,1.3963,3,2,0.001,657.2
6.4247E-05,0.663,0.68068,3,2,0.001,659.2
7.3027E-06,0.385,1.309,3,2,0.0001,662.1
3.1064E-05,0.553,0.8203,9,4,0.01,662.3
2.955E-16,0.001,1.5533,9,4,0.0001,663.1
0.0022201,1.606,0.83776,4,3,0.01,663.5
0.00081163,1.249,1.3614,3,2,0.001,663.8
0.005708,2.034,1.0821,4,3,0.01,664.3
1.1404E-06,0.242,0.7854,3,2,0.0001,667.7
2.4179E-10,0.029,1.5184,4,3,0.0001,668.2
1.3787E-11,0.014,0.66323,9,4,0.001,668.7
8.6335E-11,0.023,1.0821,9,4,0.001,669.4
1.6113E-17,0.001,1.0996,9,4,0.0001,671.9
1.9364E-11,0.016,0.75049,4,3,0.0001,673
2.0238E-11,0.016,0.73304,9,4,0.001,677.4
0.0031507,1.753,0.61087,3,2,0.01,678.1
9.2511E-07,0.23,1.1519,4,3,0.001,678.2
0.00507,1.975,1.0472,4,3,0.01,681
1.9553E-16,0.001,1.3963,9,4,0.0001,682.1
4.7795E-07,0.195,0.95993,4,3,0.001,683.6
2.176E-16,0.001,1.4312,9,4,0.0001,683.7
0.02028,2.793,1.5708,4,3,0.01,691.9
0.0057961,2.042,0.71558,3,2,0.01,692.1
0.0011194,1.354,1.501,3,2,0.001,692.1
0.0071378,2.151,1.1519,4,3,0.01,692.3
1.5256E-05,0.463,0.68068,9,4,0.01,694.1
2.5058E-10,0.029,1.5359,4,3,0.0001,695.1
2.9375E-06,0.306,1.0123,3,2,0.0001,695.8
2.6352E-05,0.53,0.7854,9,4,0.01,700.8
0.00021859,0.9,1.4137,9,4,0.01,705.2
1.3293E-05,0.447,1.5708,3,2,0.0001,707.8
2.322E-05,0.514,0.5236,3,2,0.001,708
0.00050596,1.11,1.1868,3,2,0.001,709
0.0029957,1.731,0.90757,4,3,0.01,714.3
0.022656,2.871,1.0297,3,2,0.01,716.5
0.00091137,1.286,0.66323,4,3,0.01,716.5
1.0251E-05,0.419,1.4486,3,2,0.0001,717.5
0.0012049,1.379,1.5359,3,2,0.001,718.9
0.00048021,1.096,1.1694,3,2,0.001,720.4
3.354E-07,0.178,0.87266,4,3,0.001,722.3
2.7317E-16,0.001,1.5184,9,4,0.0001,722.5
8.7701E-07,0.226,0.73304,3,2,0.0001,723.5
2.0113E-10,0.028,1.3788,9,4,0.001,723.8
0.0018908,1.543,0.80285,4,3,0.01,724.7
0.0010373,1.328,1.4661,3,2,0.001,730.1
0.032115,3.133,1.1345,3,2,0.01,733.6
0.03576,3.218,1.1694,3,2,0.01,737.5
2.1077E-06,0.282,0.92502,3,2,0.0001,751.7
0.00019109,0.87,0.90757,3,2,0.001,757.7
0,0,0.99484,9,4,0.0001,760.4
6.0466E-06,0.367,1.2392,3,2,0.0001,763.4
0.0096828,2.322,1.2566,4,3,0.01,763.5
0.083362,3.977,1.501,3,2,0.01,763.7
5.5808E-11,0.02,0.99484,4,3,0.0001,764.6
4.8602E-11,0.02,0.92502,9,4,0.001,766
0,0,0.71558,9,4,0.0001,769.1
1.0811E-10,0.024,1.1519,9,4,0.001,769.2
2.3301E-10,0.029,1.501,4,3,0.0001,771.7
0.071385,3.825,1.4312,3,2,0.01,774.9
3.3629E-05,0.564,0.83776,9,4,0.01,775.1
3.0667E-16,0.001,1.5708,9,4,0.0001,775.2
1.6106E-10,0.026,1.2915,9,4,0.001,780
0,0,0.73304,9,4,0.0001,781.4
4.5376E-05,0.607,0.90757,9,4,0.01,784.6
0.024083,2.915,1.0472,3,2,0.01,785
0.00030425,0.977,1.0297,3,2,0.001,788.1
2.8775E-07,0.171,0.83776,4,3,0.001,790.7
0.00046825,1.089,0.55851,4,3,0.01,791.2
8.4794E-11,0.022,1.117,4,3,0.0001,791.2
1.004E-11,0.013,0.61087,9,4,0.001,792.1
2.0974E-10,0.028,1.3963,9,4,0.001,795.7
6.6918E-17,0.001,1.1868,9,4,0.0001,798.5
0.00019273,0.872,1.3614,9,4,0.01,799.1
3.909E-11,0.019,0.87266,9,4,0.001,800.8
0.0027865,1.7,0.89012,4,3,0.01,801.2
3.5283E-06,0.321,1.0647,3,2,0.0001,806.4
1.6162E-10,0.026,1.3439,4,3,0.0001,807.1
2.558E-10,0.03,1.4835,9,4,0.001,807.9
0.00014667,0.814,1.2566,9,4,0.01,809.4
2.1207E-11,0.016,0.76794,4,3,0.0001,809.6
0.017517,2.692,0.95993,3,2,0.01,809.9
0.010641,2.377,1.2915,4,3,0.01,815.8
4.2208E-05,0.597,0.89012,9,4,0.01,815.9
4.8872E-11,0.02,0.95993,4,3,0.0001,817.1
3.3617E-11,0.018,0.83776,9,4,0.001,820.1
1.2456E-05,0.44,0.64577,9,4,0.01,822.9
2.6581E-07,0.168,0.8203,4,3,0.001,823.3
8.3403E-06,0.398,1.3614,3,2,0.0001,825.3
0.00023688,0.918,1.4486,9,4,0.01,826.5
0.093,4.087,1.5533,3,2,0.01,828.4
8.971E-12,0.013,0.59341,9,4,0.001,829.5
1.6885E-10,0.027,1.3614,4,3,0.0001,832.3
0,0,0.69813,9,4,0.0001,832.8
0.089727,4.051,1.5359,3,2,0.01,834.1
0.0063969,2.093,1.117,4,3,0.01,837.7
1.138E-06,0.242,1.2217,4,3,0.001,838.7
1.7949E-06,0.271,1.3963,4,3,0.001,847
8.5965E-08,0.127,0.61087,4,3,0.001,850.4
0.00025137,0.932,0.97738,3,2,0.001,850.6
1.5382E-10,0.026,1.2741,9,4,0.001,851
0.00032341,0.992,1.0472,3,2,0.001,851.6
0.00018453,0.863,1.3439,9,4,0.01,854.2
1.165E-10,0.024,1.2217,4,3,0.0001,854.2
0.0020508,1.575,0.8203,4,3,0.01,856.1
1.1955E-16,0.001,1.2741,9,4,0.0001,856.8
7.1326E-11,0.022,1.0647,4,3,0.0001,857.9
2.859E-10,0.03,1.5359,9,4,0.001,860.6
0.00020114,0.881,1.3788,9,4,0.01,863.3
6.7297E-11,0.021,1.0472,4,3,0.0001,864.4
0.00045531,1.081,1.1519,3,2,0.001,866.6
0,0,0.97738,9,4,0.0001,868.1
1.1086E-10,0.024,1.2043,4,3,0.0001,868.5
5.1992E-06,0.353,1.1868,3,2,0.0001,869.4
1.4553E-06,0.257,0.83776,3,2,0.0001,870.3
0.0039061,1.85,0.64577,3,2,0.01,870.4
9.3362E-05,0.727,0.75049,3,2,0.001,874.4
1.4662E-10,0.026,1.2566,9,4,0.001,875
9.158E-05,0.724,1.0996,9,4,0.01,878.1
1.3162E-06,0.251,1.2741,4,3,0.001,878.5
9.8195E-12,0.013,0.62832,4,3,0.0001,879.1
0.00010812,0.755,1.1519,9,4,0.01,879.7
0.0017397,1.511,0.7854,4,3,0.01,881.7
0,0,1.0647,9,4,0.0001,884.5
1.7654E-10,0.027,1.3265,9,4,0.001,887.3
0.00015303,0.823,0.85521,3,2,0.001,889.1
0.00030719,0.98,1.5708,9,4,0.01,890
9.6895E-05,0.734,1.117,9,4,0.01,890.1
7.9853E-06,0.393,1.3439,3,2,0.0001,891.2
0,0,0.85521,9,4,0.0001,891.2
7.9951E-06,0.394,0.57596,9,4,0.01,895.8
1.5789E-06,0.262,1.3439,4,3,0.001,896.2
1.1077E-05,0.427,1.4835,3,2,0.0001,897.9
2.4506E-07,0.165,0.80285,4,3,0.001,902.5
0.096333,4.123,1.5708,3,2,0.01,904.2
1.6962E-06,0.267,0.87266,3,2,0.0001,907.1
0,0,0.57596,9,4,0.0001,913.7
8.6461E-05,0.714,1.0821,9,4,0.01,914
0.0075281,2.18,1.1694,4,3,0.01,914.5
0.048238,3.468,1.2741,3,2,0.01,916.3
0.002399,1.638,0.85521,4,3,0.01,921.1
0.00064777,1.181,1.2741,3,2,0.001,930.1
0.0097417,2.325,0.8203,3,2,0.01,932.1
0.00016875,0.844,1.309,9,4,0.01,933.6
0.00011098,0.76,0.7854,3,2,0.001,933.6
7.0807E-05,0.679,0.69813,3,2,0.001,934.2
0.00023523,0.917,0.95993,3,2,0.001,934.3
1.4108E-10,0.026,1.2915,4,3,0.0001,934.5
8.7044E-06,0.402,1.3788,3,2,0.0001,938.2
0.015638,2.617,1.4486,4,3,0.01,938.6
0,0,0.94248,9,4,0.0001,939
1.1204E-05,0.428,0.62832,9,4,0.01,939.7
4.4663E-07,0.191,0.94248,4,3,0.001,946.5
0.012292,2.464,0.87266,3,2,0.01,951.8
0.055361,3.59,1.3265,3,2,0.01,953.7
0,0,0.80285,9,4,0.0001,954.6
9.757E-07,0.233,1.1694,4,3,0.001,954.7
1.0658E-07,0.134,0.64577,4,3,0.001,956.5
0.00029656,0.971,1.5533,9,4,0.01,956.8
2.2867E-16,0.001,1.4486,9,4,0.0001,957.4
0.043818,3.386,1.2392,3,2,0.01,958.2
4.5357E-11,0.019,0.90757,9,4,0.001,958.5
4.8486E-07,0.195,0.62832,3,2,0.0001,960.3
0.014431,2.565,1.4137,4,3,0.01,961.7
1.348E-10,0.025,1.2741,4,3,0.0001,962.8
2.6392E-05,0.53,0.54105,3,2,0.001,964.4
1.028E-06,0.236,1.1868,4,3,0.001,964.7
1.9255E-10,0.028,1.3614,9,4,0.001,965.8
0.06044,3.67,1.3614,3,2,0.01,967.7
0.015028,2.591,1.4312,4,3,0.01,968.2
0.00111,1.351,0.69813,4,3,0.01,968.7
2.0705E-07,0.158,0.76794,4,3,0.001,969.8
0,0,0.83776,9,4,0.0001,969.8
5.5858E-05,0.64,0.95993,9,4,0.01,972.3
7.9561E-12,0.012,0.57596,9,4,0.001,972.9
1.0871E-11,0.013,0.64577,4,3,0.0001,972.9
2.7228E-11,0.017,0.8203,4,3,0.0001,974.1
0.00036401,1.022,0.5236,4,3,0.01,976.2
0.00028612,0.963,1.5359,9,4,0.01,977.1
5.8135E-05,0.646,0.66323,3,2,0.001,978.2
3.9197E-05,0.586,0.87266,9,4,0.01,979.1
0.0025877,1.669,0.87266,4,3,0.01,983.3
0.0022243,1.607,0.55851,3,2,0.01,987.7
0.00020976,0.891,1.3963,9,4,0.01,988.3
1.1938E-05,0.435,1.5184,3,2,0.0001,988.6
4.2692E-11,0.019,0.92502,4,3,0.0001,990.1
1.3298E-10,0.025,1.2217,9,4,0.001,991.8
2.5089E-16,0.001,1.4835,9,4,0.0001,996
1.9636E-06,0.277,0.90757,3,2,0.0001,996.4
